label,timeframe,trades,win_rate,max_dd_pct,gross_balance,net_balance,gross_pf,net_pf,total_costs
mode=reversal_daily|entry=close|rr=1|trail=none|slip=0,5m,43,39.53,666.27,911.96,-5662.79,0.65,0.00,7011.82
mode=reversal_daily|entry=close|rr=1|trail=none|slip=1,5m,43,39.53,666.35,911.94,-5663.55,0.65,0.00,7012.68
mode=reversal_daily|entry=close|rr=1|trail=none|slip=2,5m,43,39.53,666.43,911.93,-5664.34,0.65,0.00,7013.54
mode=reversal_daily|entry=close|rr=1|trail=none|slip=3,5m,43,39.53,666.51,911.92,-5665.13,0.65,0.00,7014.40
mode=reversal_daily|entry=close|rr=1|trail=be_1r|slip=0,5m,43,39.53,666.27,911.96,-5662.79,0.65,0.00,7011.82
mode=reversal_daily|entry=close|rr=1|trail=be_1r|slip=1,5m,43,39.53,666.35,911.94,-5663.55,0.65,0.00,7012.68
mode=reversal_daily|entry=close|rr=1|trail=be_1r|slip=2,5m,43,39.53,666.43,911.93,-5664.34,0.65,0.00,7013.54
mode=reversal_daily|entry=close|rr=1|trail=be_1r|slip=3,5m,43,39.53,666.51,911.92,-5665.13,0.65,0.00,7014.40
mode=reversal_daily|entry=close|rr=1.5|trail=none|slip=0,5m,43,27.90,647.45,875.55,-5474.56,0.58,0.00,7012.79
mode=reversal_daily|entry=close|rr=1.5|trail=none|slip=1,5m,43,27.90,647.53,875.54,-5475.32,0.58,0.00,7013.65
mode=reversal_daily|entry=close|rr=1.5|trail=none|slip=2,5m,43,27.90,647.60,875.53,-5476.09,0.58,0.00,7014.51
mode=reversal_daily|entry=close|rr=1.5|trail=none|slip=3,5m,43,27.90,647.68,875.53,-5476.85,0.58,0.00,7015.37
mode=reversal_daily|entry=close|rr=1.5|trail=be_1r|slip=0,5m,43,25.58,658.50,907.07,-5585.08,0.63,0.00,7012.70
mode=reversal_daily|entry=close|rr=1.5|trail=be_1r|slip=1,5m,43,25.58,658.58,907.05,-5585.85,0.63,0.00,7013.56
mode=reversal_daily|entry=close|rr=1.5|trail=be_1r|slip=2,5m,43,25.58,658.66,907.05,-5586.64,0.63,0.00,7014.42
mode=reversal_daily|entry=close|rr=1.5|trail=be_1r|slip=3,5m,43,25.58,658.74,907.04,-5587.43,0.63,0.00,7015.28
mode=reversal_daily|entry=close|rr=2|trail=none|slip=0,5m,43,23.25,645.50,874.90,-5455.08,0.60,0.00,7013.07
mode=reversal_daily|entry=close|rr=2|trail=none|slip=1,5m,43,23.25,645.58,874.89,-5455.84,0.60,0.00,7013.93
mode=reversal_daily|entry=close|rr=2|trail=none|slip=2,5m,43,23.25,645.66,874.89,-5456.61,0.60,0.00,7014.79
mode=reversal_daily|entry=close|rr=2|trail=none|slip=3,5m,43,23.25,645.73,874.88,-5457.37,0.60,0.00,7015.66
mode=reversal_daily|entry=close|rr=2|trail=be_1r|slip=0,5m,43,23.25,664.34,938.67,-5643.43,0.76,0.00,7013.52
mode=reversal_daily|entry=close|rr=2|trail=be_1r|slip=1,5m,43,23.25,664.42,938.66,-5644.22,0.76,0.00,7014.38
mode=reversal_daily|entry=close|rr=2|trail=be_1r|slip=2,5m,43,23.25,664.50,938.66,-5645.02,0.76,0.00,7015.24
mode=reversal_daily|entry=close|rr=2|trail=be_1r|slip=3,5m,43,23.25,664.58,938.65,-5645.82,0.76,0.00,7016.10
mode=reversal_daily|entry=prev_open|rr=1|trail=none|slip=0,5m,31,41.93,485.93,949.75,-3859.35,0.71,0.00,5001.77
mode=reversal_daily|entry=prev_open|rr=1|trail=none|slip=1,5m,31,41.93,485.99,949.73,-3859.93,0.71,0.00,5002.39
mode=reversal_daily|entry=prev_open|rr=1|trail=none|slip=2,5m,31,41.93,486.05,949.72,-3860.50,0.71,0.00,5003.01
mode=reversal_daily|entry=prev_open|rr=1|trail=none|slip=3,5m,31,41.93,486.10,949.71,-3861.08,0.71,0.00,5003.63
mode=reversal_daily|entry=prev_open|rr=1|trail=be_1r|slip=0,5m,31,41.93,485.93,949.75,-3859.35,0.71,0.00,5001.77
mode=reversal_daily|entry=prev_open|rr=1|trail=be_1r|slip=1,5m,31,41.93,485.99,949.73,-3859.93,0.71,0.00,5002.39
mode=reversal_daily|entry=prev_open|rr=1|trail=be_1r|slip=2,5m,31,41.93,486.05,949.72,-3860.50,0.71,0.00,5003.01
mode=reversal_daily|entry=prev_open|rr=1|trail=be_1r|slip=3,5m,31,41.93,486.10,949.71,-3861.08,0.71,0.00,5003.63
mode=reversal_daily|entry=prev_open|rr=1.5|trail=none|slip=0,5m,30,40.00,483.30,997.75,-3833.09,0.98,0.00,4871.81
mode=reversal_daily|entry=prev_open|rr=1.5|trail=none|slip=1,5m,30,40.00,483.36,997.74,-3833.66,0.98,0.00,4872.41
mode=reversal_daily|entry=prev_open|rr=1.5|trail=none|slip=2,5m,30,40.00,483.42,997.73,-3834.23,0.98,0.00,4873.01
mode=reversal_daily|entry=prev_open|rr=1.5|trail=none|slip=3,5m,30,40.00,483.48,997.72,-3834.81,0.98,0.00,4873.61
mode=reversal_daily|entry=prev_open|rr=1.5|trail=be_1r|slip=0,5m,31,32.25,488.47,968.48,-3884.75,0.82,0.00,5001.77
mode=reversal_daily|entry=prev_open|rr=1.5|trail=be_1r|slip=1,5m,31,32.25,488.53,968.47,-3885.34,0.82,0.00,5002.39
mode=reversal_daily|entry=prev_open|rr=1.5|trail=be_1r|slip=2,5m,31,32.25,488.59,968.46,-3885.92,0.82,0.00,5003.01
mode=reversal_daily|entry=prev_open|rr=1.5|trail=be_1r|slip=3,5m,31,32.25,488.65,968.45,-3886.51,0.82,0.00,5003.63
mode=reversal_daily|entry=prev_open|rr=2|trail=none|slip=0,5m,30,26.66,475.13,939.23,-3751.38,0.71,0.00,4873.36
mode=reversal_daily|entry=prev_open|rr=2|trail=none|slip=1,5m,30,26.66,475.19,939.22,-3751.94,0.71,0.00,4873.96
mode=reversal_daily|entry=prev_open|rr=2|trail=none|slip=2,5m,30,26.66,475.25,939.22,-3752.51,0.71,0.00,4874.56
mode=reversal_daily|entry=prev_open|rr=2|trail=none|slip=3,5m,30,26.66,475.30,939.21,-3753.07,0.71,0.00,4875.16
mode=reversal_daily|entry=prev_open|rr=2|trail=be_1r|slip=0,5m,31,22.58,486.67,958.59,-3866.70,0.76,0.00,5003.24
mode=reversal_daily|entry=prev_open|rr=2|trail=be_1r|slip=1,5m,31,22.58,486.72,958.58,-3867.28,0.76,0.00,5003.86
mode=reversal_daily|entry=prev_open|rr=2|trail=be_1r|slip=2,5m,31,22.58,486.78,958.57,-3867.87,0.76,0.00,5004.48
mode=reversal_daily|entry=prev_open|rr=2|trail=be_1r|slip=3,5m,31,22.58,486.84,958.57,-3868.45,0.76,0.00,5005.10
mode=continuation_ema200|entry=close|rr=1|trail=none|slip=0,5m,650,49.23,10930.71,875.89,-105588.06,0.95,0.53,106079.59
mode=continuation_ema200|entry=close|rr=1|trail=none|slip=1,5m,650,49.23,10929.76,875.49,-105573.30,0.95,0.53,106092.59
mode=continuation_ema200|entry=close|rr=1|trail=none|slip=2,5m,650,49.23,10929.71,875.26,-105567.98,0.95,0.53,106105.59
mode=continuation_ema200|entry=close|rr=1|trail=none|slip=3,5m,650,49.23,10929.67,875.00,-105562.40,0.95,0.53,106118.58
mode=continuation_ema200|entry=close|rr=1|trail=be_1r|slip=0,5m,650,49.23,10930.71,875.89,-105588.06,0.95,0.53,106079.59
mode=continuation_ema200|entry=close|rr=1|trail=be_1r|slip=1,5m,650,49.23,10929.76,875.49,-105573.30,0.95,0.53,106092.59
mode=continuation_ema200|entry=close|rr=1|trail=be_1r|slip=2,5m,650,49.23,10929.71,875.26,-105567.98,0.95,0.53,106105.59
mode=continuation_ema200|entry=close|rr=1|trail=be_1r|slip=3,5m,650,49.23,10929.67,875.00,-105562.40,0.95,0.53,106118.58
mode=continuation_ema200|entry=close|rr=1.5|trail=none|slip=0,5m,615,40.32,10676.66,1003.91,-102422.74,1.00,0.57,100714.98
mode=continuation_ema200|entry=close|rr=1.5|trail=none|slip=1,5m,615,40.32,10676.24,1003.55,-102414.00,1.00,0.57,100727.28
mode=continuation_ema200|entry=close|rr=1.5|trail=none|slip=2,5m,615,40.32,10676.54,1003.34,-102412.71,1.00,0.57,100739.58
mode=continuation_ema200|entry=close|rr=1.5|trail=none|slip=3,5m,615,40.32,10676.82,1003.12,-102411.09,1.00,0.57,100751.88
mode=continuation_ema200|entry=close|rr=1.5|trail=be_1r|slip=0,5m,635,34.33,11282.47,999.45,-109734.51,0.99,0.53,103659.41
mode=continuation_ema200|entry=close|rr=1.5|trail=be_1r|slip=1,5m,635,34.33,11282.23,999.14,-109727.30,0.99,0.53,103672.11
mode=continuation_ema200|entry=close|rr=1.5|trail=be_1r|slip=2,5m,635,34.33,11282.62,998.95,-109726.87,0.99,0.53,103684.81
mode=continuation_ema200|entry=close|rr=1.5|trail=be_1r|slip=3,5m,635,34.33,11283.00,998.74,-109726.11,0.99,0.53,103697.50
mode=continuation_ema200|entry=close|rr=2|trail=none|slip=0,5m,594,32.65,9501.07,836.58,-93956.48,0.95,0.58,97245.57
mode=continuation_ema200|entry=close|rr=2|trail=none|slip=1,5m,594,32.65,9501.13,836.35,-93952.42,0.95,0.58,97257.45
mode=continuation_ema200|entry=close|rr=2|trail=none|slip=2,5m,594,32.65,9501.65,836.21,-93953.40,0.95,0.58,97269.33
mode=continuation_ema200|entry=close|rr=2|trail=none|slip=3,5m,594,32.65,9502.13,836.05,-93954.33,0.95,0.58,97281.21
mode=continuation_ema200|entry=close|rr=2|trail=be_1r|slip=0,5m,628,26.27,11940.81,1074.03,-118408.16,1.02,0.51,102587.68
mode=continuation_ema200|entry=close|rr=2|trail=be_1r|slip=1,5m,628,26.27,11940.44,1073.77,-118404.48,1.02,0.51,102600.23
mode=continuation_ema200|entry=close|rr=2|trail=be_1r|slip=2,5m,628,26.27,11940.62,1073.60,-118406.20,1.02,0.51,102612.79
mode=continuation_ema200|entry=close|rr=2|trail=be_1r|slip=3,5m,628,26.27,11940.75,1073.42,-118407.58,1.02,0.51,102625.35
mode=continuation_ema200|entry=prev_open|rr=1|trail=none|slip=0,5m,514,46.30,6765.97,666.50,-65263.79,0.85,0.47,83322.82
mode=continuation_ema200|entry=prev_open|rr=1|trail=none|slip=1,5m,514,46.30,6765.52,666.21,-65256.95,0.85,0.47,83333.10
mode=continuation_ema200|entry=prev_open|rr=1|trail=none|slip=2,5m,514,46.30,6765.48,666.02,-65254.20,0.85,0.47,83343.38
mode=continuation_ema200|entry=prev_open|rr=1|trail=none|slip=3,5m,514,46.30,6765.40,665.81,-65250.98,0.85,0.47,83353.66
mode=continuation_ema200|entry=prev_open|rr=1|trail=be_1r|slip=0,5m,514,46.30,6765.97,666.50,-65263.79,0.85,0.47,83322.82
mode=continuation_ema200|entry=prev_open|rr=1|trail=be_1r|slip=1,5m,514,46.30,6765.52,666.21,-65256.95,0.85,0.47,83333.10
mode=continuation_ema200|entry=prev_open|rr=1|trail=be_1r|slip=2,5m,514,46.30,6765.48,666.02,-65254.20,0.85,0.47,83343.38
mode=continuation_ema200|entry=prev_open|rr=1|trail=be_1r|slip=3,5m,514,46.30,6765.40,665.81,-65250.98,0.85,0.47,83353.66
mode=continuation_ema200|entry=prev_open|rr=1.5|trail=none|slip=0,5m,498,38.55,7511.96,805.09,-72265.50,0.92,0.47,80881.93
mode=continuation_ema200|entry=prev_open|rr=1.5|trail=none|slip=1,5m,498,38.55,7511.79,804.81,-72260.73,0.92,0.47,80891.89
mode=continuation_ema200|entry=prev_open|rr=1.5|trail=none|slip=2,5m,498,38.55,7511.99,804.63,-72259.65,0.92,0.47,80901.85
mode=continuation_ema200|entry=prev_open|rr=1.5|trail=none|slip=3,5m,498,38.55,7512.16,804.43,-72258.21,0.92,0.47,80911.81
mode=continuation_ema200|entry=prev_open|rr=1.5|trail=be_1r|slip=0,5m,504,34.52,7730.86,866.69,-74893.74,0.94,0.44,81762.30
mode=continuation_ema200|entry=prev_open|rr=1.5|trail=be_1r|slip=1,5m,504,34.52,7730.74,866.40,-74889.55,0.94,0.44,81772.38
mode=continuation_ema200|entry=prev_open|rr=1.5|trail=be_1r|slip=2,5m,504,34.52,7730.95,866.21,-74888.72,0.94,0.44,81782.46
mode=continuation_ema200|entry=prev_open|rr=1.5|trail=be_1r|slip=3,5m,504,34.52,7731.13,866.00,-74887.55,0.94,0.44,81792.53
mode=continuation_ema200|entry=prev_open|rr=2|trail=none|slip=0,5m,489,31.28,7206.64,706.72,-69420.31,0.89,0.49,79391.15
mode=continuation_ema200|entry=prev_open|rr=2|trail=none|slip=1,5m,489,31.28,7206.66,706.51,-69417.43,0.89,0.49,79400.93
mode=continuation_ema200|entry=prev_open|rr=2|trail=none|slip=2,5m,489,31.28,7206.95,706.37,-69417.33,0.89,0.49,79410.71
mode=continuation_ema200|entry=prev_open|rr=2|trail=none|slip=3,5m,489,31.28,7207.21,706.21,-69416.93,0.89,0.49,79420.49
mode=continuation_ema200|entry=prev_open|rr=2|trail=be_1r|slip=0,5m,503,25.64,7761.93,835.97,-76297.16,0.93,0.44,81622.13
mode=continuation_ema200|entry=prev_open|rr=2|trail=be_1r|slip=1,5m,503,25.64,7762.01,835.75,-76294.84,0.93,0.44,81632.19
mode=continuation_ema200|entry=prev_open|rr=2|trail=be_1r|slip=2,5m,503,25.64,7762.32,835.59,-76295.05,0.93,0.44,81642.25
mode=continuation_ema200|entry=prev_open|rr=2|trail=be_1r|slip=3,5m,503,25.64,7762.61,835.41,-76294.93,0.93,0.44,81652.31
mode=reversal_daily|entry=close|rr=1|trail=none|slip=0,15m,433,48.26,3376.25,842.26,-31319.90,0.92,0.20,36331.44
mode=reversal_daily|entry=close|rr=1|trail=none|slip=1,15m,433,48.26,3376.94,841.94,-31325.60,0.92,0.20,36340.10
mode=reversal_daily|entry=close|rr=1|trail=none|slip=2,15m,433,48.26,3377.77,841.72,-31332.60,0.92,0.20,36348.76
mode=reversal_daily|entry=close|rr=1|trail=none|slip=3,15m,433,48.26,3378.60,841.51,-31339.61,0.92,0.20,36357.42
mode=reversal_daily|entry=close|rr=1|trail=be_1r|slip=0,15m,433,48.26,3376.25,842.26,-31319.90,0.92,0.20,36331.44
mode=reversal_daily|entry=close|rr=1|trail=be_1r|slip=1,15m,433,48.26,3376.94,841.94,-31325.60,0.92,0.20,36340.10
mode=reversal_daily|entry=close|rr=1|trail=be_1r|slip=2,15m,433,48.26,3377.77,841.72,-31332.60,0.92,0.20,36348.76
mode=reversal_daily|entry=close|rr=1|trail=be_1r|slip=3,15m,433,48.26,3378.60,841.51,-31339.61,0.92,0.20,36357.42
mode=reversal_daily|entry=close|rr=1.5|trail=none|slip=0,15m,427,41.92,3506.52,1188.36,-32928.21,1.06,0.23,35818.50
mode=reversal_daily|entry=close|rr=1.5|trail=none|slip=1,15m,427,41.92,3507.34,1187.97,-32935.13,1.06,0.23,35827.04
mode=reversal_daily|entry=close|rr=1.5|trail=none|slip=2,15m,427,41.92,3508.29,1187.72,-32943.22,1.06,0.23,35835.58
mode=reversal_daily|entry=close|rr=1.5|trail=none|slip=3,15m,427,41.92,3509.23,1187.46,-32951.30,1.06,0.23,35844.13
mode=reversal_daily|entry=close|rr=1.5|trail=be_1r|slip=0,15m,433,35.33,3518.55,1027.04,-32356.76,1.01,0.22,36334.65
mode=reversal_daily|entry=close|rr=1.5|trail=be_1r|slip=1,15m,433,35.33,3519.30,1026.76,-32363.58,1.01,0.22,36343.32
mode=reversal_daily|entry=close|rr=1.5|trail=be_1r|slip=2,15m,433,35.33,3520.15,1026.57,-32371.35,1.01,0.22,36351.98
mode=reversal_daily|entry=close|rr=1.5|trail=be_1r|slip=3,15m,433,35.33,3521.01,1026.39,-32379.10,1.01,0.22,36360.64
mode=reversal_daily|entry=close|rr=2|trail=none|slip=0,15m,421,36.34,3788.04,1399.77,-35473.79,1.12,0.27,35234.63
mode=reversal_daily|entry=close|rr=2|trail=none|slip=1,15m,421,36.34,3789.02,1399.41,-35481.79,1.12,0.27,35243.05
mode=reversal_daily|entry=close|rr=2|trail=none|slip=2,15m,421,36.34,3790.12,1399.18,-35490.99,1.12,0.27,35251.47
mode=reversal_daily|entry=close|rr=2|trail=none|slip=3,15m,421,36.34,3791.22,1398.94,-35500.14,1.12,0.27,35259.89
mode=reversal_daily|entry=close|rr=2|trail=be_1r|slip=0,15m,429,28.90,3726.45,1251.51,-34330.68,1.09,0.24,35814.16
mode=reversal_daily|entry=close|rr=2|trail=be_1r|slip=1,15m,429,28.90,3727.32,1251.25,-34338.59,1.09,0.24,35822.74
mode=reversal_daily|entry=close|rr=2|trail=be_1r|slip=2,15m,429,28.90,3728.30,1251.08,-34347.42,1.09,0.24,35831.32
mode=reversal_daily|entry=close|rr=2|trail=be_1r|slip=3,15m,429,28.90,3729.27,1250.92,-34356.17,1.09,0.24,35839.90
mode=reversal_daily|entry=prev_open|rr=1|trail=none|slip=0,15m,349,49.28,2765.69,934.77,-26656.93,0.96,0.09,27926.60
mode=reversal_daily|entry=prev_open|rr=1|trail=none|slip=1,15m,349,49.28,2766.21,934.42,-26662.15,0.96,0.09,27933.58
mode=reversal_daily|entry=prev_open|rr=1|trail=none|slip=2,15m,349,49.28,2766.82,934.16,-26668.26,0.96,0.09,27940.56
mode=reversal_daily|entry=prev_open|rr=1|trail=none|slip=3,15m,349,49.28,2767.44,933.90,-26674.40,0.96,0.09,27947.54
mode=reversal_daily|entry=prev_open|rr=1|trail=be_1r|slip=0,15m,349,49.28,2765.69,934.77,-26656.93,0.96,0.09,27926.60
mode=reversal_daily|entry=prev_open|rr=1|trail=be_1r|slip=1,15m,349,49.28,2766.21,934.42,-26662.15,0.96,0.09,27933.58
mode=reversal_daily|entry=prev_open|rr=1|trail=be_1r|slip=2,15m,349,49.28,2766.82,934.16,-26668.26,0.96,0.09,27940.56
mode=reversal_daily|entry=prev_open|rr=1|trail=be_1r|slip=3,15m,349,49.28,2767.44,933.90,-26674.40,0.96,0.09,27947.54
mode=reversal_daily|entry=prev_open|rr=1.5|trail=none|slip=0,15m,341,43.40,2871.34,1301.86,-27713.41,1.13,0.10,27372.65
mode=reversal_daily|entry=prev_open|rr=1.5|trail=none|slip=1,15m,341,43.40,2871.96,1301.45,-27719.69,1.13,0.10,27379.47
mode=reversal_daily|entry=prev_open|rr=1.5|trail=none|slip=2,15m,341,43.40,2872.67,1301.14,-27726.77,1.13,0.10,27386.29
mode=reversal_daily|entry=prev_open|rr=1.5|trail=none|slip=3,15m,341,43.40,2873.38,1300.84,-27733.85,1.13,0.10,27393.11
mode=reversal_daily|entry=prev_open|rr=1.5|trail=be_1r|slip=0,15m,346,36.41,2878.15,1113.05,-27781.59,1.06,0.10,27693.31
mode=reversal_daily|entry=prev_open|rr=1.5|trail=be_1r|slip=1,15m,346,36.41,2878.77,1112.74,-27787.76,1.06,0.10,27700.23
mode=reversal_daily|entry=prev_open|rr=1.5|trail=be_1r|slip=2,15m,346,36.12,2862.82,1096.07,-27628.29,1.05,0.10,27707.00
mode=reversal_daily|entry=prev_open|rr=1.5|trail=be_1r|slip=3,15m,346,36.12,2863.50,1095.85,-27635.06,1.05,0.10,27713.92
mode=reversal_daily|entry=prev_open|rr=2|trail=none|slip=0,15m,339,39.82,3276.89,1864.67,-31768.98,1.30,0.14,27283.64
mode=reversal_daily|entry=prev_open|rr=2|trail=none|slip=1,15m,339,39.82,3277.70,1864.14,-31777.04,1.30,0.14,27290.42
mode=reversal_daily|entry=prev_open|rr=2|trail=none|slip=2,15m,339,39.82,3278.60,1863.75,-31786.04,1.30,0.14,27297.20
mode=reversal_daily|entry=prev_open|rr=2|trail=none|slip=3,15m,339,39.82,3279.50,1863.35,-31795.02,1.30,0.14,27303.98
mode=reversal_daily|entry=prev_open|rr=2|trail=be_1r|slip=0,15m,345,30.14,3106.09,1350.75,-30060.97,1.17,0.12,27624.42
mode=reversal_daily|entry=prev_open|rr=2|trail=be_1r|slip=1,15m,345,30.14,3106.82,1350.44,-30068.20,1.17,0.12,27631.32
mode=reversal_daily|entry=prev_open|rr=2|trail=be_1r|slip=2,15m,345,29.85,3082.13,1323.75,-29821.38,1.16,0.12,27638.01
mode=reversal_daily|entry=prev_open|rr=2|trail=be_1r|slip=3,15m,345,29.85,3082.91,1323.52,-29829.16,1.16,0.12,27644.91
mode=continuation_ema200|entry=close|rr=1|trail=none|slip=0,15m,2881,48.80,20980.53,434.27,-192628.66,0.94,0.80,241569.18
mode=continuation_ema200|entry=close|rr=1|trail=none|slip=1,15m,2881,48.80,20975.57,432.88,-192570.15,0.94,0.80,241626.80
mode=continuation_ema200|entry=close|rr=1|trail=none|slip=2,15m,2881,48.80,20975.76,431.86,-192562.32,0.93,0.80,241684.42
mode=continuation_ema200|entry=close|rr=1|trail=none|slip=3,15m,2881,48.80,20975.27,430.81,-192547.73,0.93,0.80,241742.04
mode=continuation_ema200|entry=close|rr=1|trail=be_1r|slip=0,15m,2881,48.80,20980.53,434.27,-192628.66,0.94,0.80,241569.18
mode=continuation_ema200|entry=close|rr=1|trail=be_1r|slip=1,15m,2881,48.80,20975.57,432.88,-192570.15,0.94,0.80,241626.80
mode=continuation_ema200|entry=close|rr=1|trail=be_1r|slip=2,15m,2881,48.80,20975.76,431.86,-192562.32,0.93,0.80,241684.42
mode=continuation_ema200|entry=close|rr=1|trail=be_1r|slip=3,15m,2881,48.80,20975.27,430.81,-192547.73,0.93,0.80,241742.04
mode=continuation_ema200|entry=close|rr=1.5|trail=none|slip=0,15m,2784,39.22,24157.62,473.87,-185534.92,0.95,0.84,233847.77
mode=continuation_ema200|entry=close|rr=1.5|trail=none|slip=1,15m,2784,39.22,24153.79,472.72,-185495.15,0.95,0.84,233903.45
mode=continuation_ema200|entry=close|rr=1.5|trail=none|slip=2,15m,2784,39.22,24154.94,471.87,-185495.88,0.95,0.84,233959.13
mode=continuation_ema200|entry=close|rr=1.5|trail=none|slip=3,15m,2784,39.22,24155.46,470.99,-185490.93,0.95,0.84,234014.82
mode=continuation_ema200|entry=close|rr=1.5|trail=be_1r|slip=0,15m,2847,32.24,20562.72,373.19,-181658.82,0.92,0.81,238117.11
mode=continuation_ema200|entry=close|rr=1.5|trail=be_1r|slip=1,15m,2847,32.24,20558.52,372.41,-181618.34,0.92,0.81,238174.06
mode=continuation_ema200|entry=close|rr=1.5|trail=be_1r|slip=2,15m,2847,32.20,20471.47,366.34,-180963.23,0.92,0.81,238231.08
mode=continuation_ema200|entry=close|rr=1.5|trail=be_1r|slip=3,15m,2847,32.20,20472.34,365.75,-180965.75,0.92,0.81,238288.03
mode=continuation_ema200|entry=close|rr=2|trail=none|slip=0,15m,2694,32.47,21866.95,385.09,-169555.60,0.94,0.84,223709.61
mode=continuation_ema200|entry=close|rr=2|trail=none|slip=1,15m,2694,32.47,21866.21,384.33,-169539.52,0.94,0.84,223763.50
mode=continuation_ema200|entry=close|rr=2|trail=none|slip=2,15m,2694,32.47,21868.80,383.78,-169551.14,0.94,0.84,223817.38
mode=continuation_ema200|entry=close|rr=2|trail=none|slip=3,15m,2694,32.44,21862.43,371.94,-169503.54,0.94,0.84,223871.30
mode=continuation_ema200|entry=close|rr=2|trail=be_1r|slip=0,15m,2802,24.51,21582.41,459.49,-194313.73,0.94,0.79,232363.87
mode=continuation_ema200|entry=close|rr=2|trail=be_1r|slip=1,15m,2802,24.55,21581.86,467.93,-194301.94,0.94,0.79,232419.97
mode=continuation_ema200|entry=close|rr=2|trail=be_1r|slip=2,15m,2802,24.55,21584.65,467.38,-194320.54,0.94,0.79,232476.02
mode=continuation_ema200|entry=close|rr=2|trail=be_1r|slip=3,15m,2802,24.55,21587.02,466.80,-194335.28,0.94,0.79,232532.06
mode=continuation_ema200|entry=prev_open|rr=1|trail=none|slip=0,15m,2401,45.85,11723.05,121.22,-99138.75,0.85,0.79,196533.25
mode=continuation_ema200|entry=prev_open|rr=1|trail=none|slip=1,15m,2400,45.83,11720.41,119.57,-99110.04,0.85,0.79,196574.15
mode=continuation_ema200|entry=prev_open|rr=1|trail=none|slip=2,15m,2400,45.83,11720.34,119.20,-99102.75,0.85,0.79,196622.16
mode=continuation_ema200|entry=prev_open|rr=1|trail=none|slip=3,15m,2400,45.83,11720.09,118.83,-99093.99,0.85,0.79,196670.16
mode=continuation_ema200|entry=prev_open|rr=1|trail=be_1r|slip=0,15m,2401,45.85,11723.05,121.22,-99138.75,0.85,0.79,196533.25
mode=continuation_ema200|entry=prev_open|rr=1|trail=be_1r|slip=1,15m,2400,45.83,11720.41,119.57,-99110.04,0.85,0.79,196574.15
mode=continuation_ema200|entry=prev_open|rr=1|trail=be_1r|slip=2,15m,2400,45.83,11720.34,119.20,-99102.75,0.85,0.79,196622.16
mode=continuation_ema200|entry=prev_open|rr=1|trail=be_1r|slip=3,15m,2400,45.83,11720.09,118.83,-99093.99,0.85,0.79,196670.16
mode=continuation_ema200|entry=prev_open|rr=1.5|trail=none|slip=0,15m,2344,38.60,12218.99,372.23,-106625.62,0.94,0.82,190941.95
mode=continuation_ema200|entry=prev_open|rr=1.5|trail=none|slip=1,15m,2344,38.60,12217.37,371.02,-106603.79,0.94,0.82,190988.83
mode=continuation_ema200|entry=prev_open|rr=1.5|trail=none|slip=2,15m,2343,38.62,12218.25,373.74,-106603.55,0.95,0.82,191022.94
mode=continuation_ema200|entry=prev_open|rr=1.5|trail=none|slip=3,15m,2343,38.62,12218.07,372.72,-106594.68,0.95,0.82,191069.80
mode=continuation_ema200|entry=prev_open|rr=1.5|trail=be_1r|slip=0,15m,2373,33.08,13454.81,296.09,-119766.87,0.91,0.79,193839.54
mode=continuation_ema200|entry=prev_open|rr=1.5|trail=be_1r|slip=1,15m,2372,33.09,13452.66,295.21,-119741.79,0.91,0.79,193879.88
mode=continuation_ema200|entry=prev_open|rr=1.5|trail=be_1r|slip=2,15m,2372,33.01,13407.08,285.84,-119365.38,0.91,0.79,193927.39
mode=continuation_ema200|entry=prev_open|rr=1.5|trail=be_1r|slip=3,15m,2372,33.01,13406.64,285.13,-119355.94,0.91,0.79,193974.83
mode=continuation_ema200|entry=prev_open|rr=2|trail=none|slip=0,15m,2289,33.42,15683.05,845.60,-130389.58,0.99,0.84,185760.99
mode=continuation_ema200|entry=prev_open|rr=2|trail=none|slip=1,15m,2289,33.42,15680.67,843.23,-130360.23,0.99,0.84,185806.78
mode=continuation_ema200|entry=prev_open|rr=2|trail=none|slip=2,15m,2289,33.42,15680.36,841.24,-130348.46,0.99,0.84,185852.56
mode=continuation_ema200|entry=prev_open|rr=2|trail=none|slip=3,15m,2289,33.33,15644.34,790.65,-130061.57,0.98,0.83,185898.36
mode=continuation_ema200|entry=prev_open|rr=2|trail=be_1r|slip=0,15m,2348,26.06,15844.08,546.33,-137169.26,0.95,0.80,191648.27
mode=continuation_ema200|entry=prev_open|rr=2|trail=be_1r|slip=1,15m,2347,26.07,15841.56,544.99,-137141.02,0.95,0.80,191688.11
mode=continuation_ema200|entry=prev_open|rr=2|trail=be_1r|slip=2,15m,2347,25.99,15838.24,522.75,-137107.82,0.95,0.80,191734.97
mode=continuation_ema200|entry=prev_open|rr=2|trail=be_1r|slip=3,15m,2347,25.94,15824.70,511.44,-136992.55,0.94,0.80,191781.90
