label,trades,win_rate,pf_r,pnl_pct,profit_r,points,pnl_usd,gross_win_usd,gross_loss_usd,avg_win_pts,avg_loss_pts,payoff
"tp=1.10 sl=1.10 min_add=0 max=1 cutoff=0m",148,69.59,1.15,6.69,6.83,86.41,864.10,7818.25,6954.06,7.5905,15.4535,0.4912
"tp=1.10 sl=1.10 min_add=25 max=1 cutoff=0m",148,69.59,1.15,6.69,6.83,86.41,864.10,7818.25,6954.06,7.5905,15.4535,0.4912
"tp=1.10 sl=1.10 min_add=0 max=0.90 cutoff=0m",132,69.70,1.16,6.09,6.23,66.89,668.90,6741.62,6072.69,7.3279,15.1817,0.4827
"tp=1.10 sl=1.10 min_add=25 max=0.90 cutoff=0m",132,69.70,1.16,6.09,6.23,66.89,668.90,6741.62,6072.69,7.3279,15.1817,0.4827
"tp=1.10 sl=1.10 min_add=0 max=1.10 cutoff=0m",152,69.08,1.12,5.62,5.83,60.77,607.70,7933.06,7325.31,7.5553,15.5858,0.4848
"tp=1.10 sl=1.10 min_add=25 max=1.10 cutoff=0m",152,69.08,1.12,5.62,5.83,60.77,607.70,7933.06,7325.31,7.5553,15.5858,0.4848
"tp=1.10 sl=1.10 min_add=-25 max=1 cutoff=0m",149,69.13,1.13,5.62,5.83,61.66,616.60,7818.25,7201.56,7.5905,15.6556,0.4848
"tp=1.10 sl=1.10 min_add=0 max=0.90 cutoff=30m",140,69.29,1.14,5.65,5.83,62.90,629.00,7130.75,6501.69,7.3513,15.1202,0.4862
"tp=1.10 sl=1.10 min_add=25 max=0.90 cutoff=30m",140,69.29,1.14,5.65,5.83,62.90,629.00,7130.75,6501.69,7.3513,15.1202,0.4862
"tp=1.10 sl=1.10 min_add=-25 max=0.90 cutoff=0m",133,69.17,1.13,5.03,5.23,42.14,421.40,6741.62,6320.19,7.3279,15.4151,0.4754
"tp=1.10 sl=1.10 min_add=-25 max=1.10 cutoff=0m",153,68.63,1.10,4.56,4.83,36.02,360.20,7933.06,7572.81,7.5553,15.7767,0.4789
"tp=1.10 sl=1.10 min_add=-25 max=0.90 cutoff=30m",141,68.79,1.11,4.59,4.83,38.15,381.50,7130.75,6749.19,7.3513,15.3391,0.4793
"tp=1.10 sl=1.10 min_add=0 max=1 cutoff=30m",158,68.35,1.09,4.13,4.43,57.13,571.30,8207.38,7636.06,7.5994,15.2721,0.4976
"tp=1.10 sl=1.10 min_add=25 max=1 cutoff=30m",158,68.35,1.09,4.13,4.43,57.13,571.30,8207.38,7636.06,7.5994,15.2721,0.4976
"tp=1.10 sl=1.10 min_add=0 max=1 cutoff=-30m",130,68.46,1.10,3.95,4.20,35.40,354.00,6890.12,6536.06,7.7417,15.9416,0.4856
"tp=1.10 sl=1.10 min_add=25 max=1 cutoff=-30m",130,68.46,1.10,3.95,4.20,35.40,354.00,6890.12,6536.06,7.7417,15.9416,0.4856
"tp=1.10 sl=1.10 min_add=0 max=0.90 cutoff=-30m",115,68.70,1.11,3.78,4.00,24.54,245.40,5900.12,5654.69,7.4685,15.7075,0.4755
"tp=1.10 sl=1.10 min_add=25 max=0.90 cutoff=-30m",115,68.70,1.11,3.78,4.00,24.54,245.40,5900.12,5654.69,7.4685,15.7075,0.4755
"tp=1.10 sl=1.10 min_add=0 max=1.10 cutoff=30m",162,67.90,1.07,3.08,3.43,31.48,314.80,8322.19,8007.31,7.5656,15.3987,0.4913
"tp=1.10 sl=1.10 min_add=25 max=1.10 cutoff=30m",162,67.90,1.07,3.08,3.43,31.48,314.80,8322.19,8007.31,7.5656,15.3987,0.4913
"tp=1.10 sl=1.10 min_add=-25 max=1 cutoff=30m",159,67.92,1.07,3.09,3.43,32.38,323.80,8207.38,7883.56,7.5994,15.4580,0.4916
"tp=1.10 sl=1.10 min_add=0 max=1.10 cutoff=-30m",134,67.91,1.07,2.90,3.20,9.76,97.60,7004.94,6907.31,7.6977,16.0635,0.4792
"tp=1.10 sl=1.10 min_add=25 max=1.10 cutoff=-30m",134,67.91,1.07,2.90,3.20,9.76,97.60,7004.94,6907.31,7.6977,16.0635,0.4792
"tp=1.10 sl=1.10 min_add=-25 max=1 cutoff=-30m",131,67.94,1.08,2.91,3.20,10.65,106.50,6890.12,6783.56,7.7417,16.1513,0.4793
"tp=1.10 sl=1.10 min_add=-25 max=0.90 cutoff=-30m",116,68.10,1.08,2.74,3.00,-0.20,-2.00,5900.12,5902.19,7.4685,15.9519,0.4682
"tp=1.10 sl=1 min_add=0 max=1 cutoff=0m",161,65.22,1.04,2.02,2.45,68.34,683.40,8796.56,8113.12,8.3777,14.4877,0.5783
"tp=1.10 sl=1 min_add=25 max=1 cutoff=0m",161,65.22,1.04,2.02,2.45,68.34,683.40,8796.56,8113.12,8.3777,14.4877,0.5783
"tp=1.10 sl=1.10 min_add=-25 max=1.10 cutoff=30m",163,67.48,1.05,2.05,2.43,6.73,67.30,8322.19,8254.81,7.5656,15.5751,0.4858
"tp=1.10 sl=1.10 min_add=-25 max=1.10 cutoff=-30m",135,67.41,1.05,1.87,2.20,-14.98,-149.80,7004.94,7154.81,7.6977,16.2609,0.4734
"tp=1 sl=1.10 min_add=0 max=1 cutoff=0m",148,69.59,1.05,1.82,2.14,15.84,158.40,7112.50,6954.06,6.9053,15.4535,0.4468
"tp=1 sl=1.10 min_add=25 max=1 cutoff=0m",148,69.59,1.05,1.82,2.14,15.84,158.40,7112.50,6954.06,6.9053,15.4535,0.4468
"tp=1 sl=1.10 min_add=0 max=0.90 cutoff=0m",132,69.70,1.05,1.77,2.05,6.10,61.00,6133.75,6072.69,6.6671,15.1817,0.4392
"tp=1 sl=1.10 min_add=25 max=0.90 cutoff=0m",132,69.70,1.05,1.77,2.05,6.10,61.00,6133.75,6072.69,6.6671,15.1817,0.4392
"tp=1.10 sl=1 min_add=-25 max=1 cutoff=0m",162,64.81,1.03,1.00,1.45,45.84,458.40,8796.56,8338.12,8.3777,14.6283,0.5727
"tp=1 sl=1.10 min_add=0 max=0.90 cutoff=30m",140,69.29,1.03,1.10,1.42,-1.41,-14.10,6487.50,6501.69,6.6881,15.1202,0.4423
"tp=1 sl=1.10 min_add=25 max=0.90 cutoff=30m",140,69.29,1.03,1.10,1.42,-1.41,-14.10,6487.50,6501.69,6.6881,15.1202,0.4423
"tp=1 sl=1.10 min_add=-25 max=1 cutoff=0m",149,69.13,1.02,0.80,1.14,-8.90,-89.00,7112.50,7201.56,6.9053,15.6556,0.4411
"tp=1.10 sl=1 min_add=0 max=1.10 cutoff=0m",167,64.67,1.02,0.63,1.10,36.60,366.00,9045.44,8679.38,8.3754,14.7108,0.5693
"tp=1.10 sl=1 min_add=25 max=1.10 cutoff=0m",167,64.67,1.02,0.63,1.10,36.60,366.00,9045.44,8679.38,8.3754,14.7108,0.5693
"tp=1 sl=1.10 min_add=0 max=1.10 cutoff=0m",152,69.08,1.02,0.70,1.05,-10.84,-108.40,7216.88,7325.31,6.8732,15.5858,0.4410
"tp=1 sl=1.10 min_add=25 max=1.10 cutoff=0m",152,69.08,1.02,0.70,1.05,-10.84,-108.40,7216.88,7325.31,6.8732,15.5858,0.4410
"tp=1 sl=1.10 min_add=-25 max=0.90 cutoff=0m",133,69.17,1.03,0.75,1.05,-18.64,-186.40,6133.75,6320.19,6.6671,15.4151,0.4325
"tp=1.10 sl=1 min_add=0 max=0.90 cutoff=0m",144,64.58,1.01,0.34,0.74,19.63,196.30,7508.19,7311.88,8.0733,14.3370,0.5631
"tp=1.10 sl=1 min_add=25 max=0.90 cutoff=0m",144,64.58,1.01,0.34,0.74,19.63,196.30,7508.19,7311.88,8.0733,14.3370,0.5631
"tp=1 sl=1.10 min_add=-25 max=0.90 cutoff=30m",141,68.79,1.01,0.09,0.42,-26.16,-261.60,6487.50,6749.19,6.6881,15.3391,0.4360
"tp=1 sl=1.10 min_add=0 max=0.90 cutoff=-30m",115,68.70,1.01,0.09,0.36,-29.09,-290.90,5363.75,5654.69,6.7896,15.7075,0.4323
"tp=1 sl=1.10 min_add=25 max=0.90 cutoff=-30m",115,68.70,1.01,0.09,0.36,-29.09,-290.90,5363.75,5654.69,6.7896,15.7075,0.4323
"tp=1.10 sl=1 min_add=0 max=0.90 cutoff=30m",154,64.29,1.00,-0.27,0.15,21.03,210.30,8027.25,7816.88,8.1083,14.2125,0.5705
"tp=1.10 sl=1 min_add=25 max=0.90 cutoff=30m",154,64.29,1.00,-0.27,0.15,21.03,210.30,8027.25,7816.88,8.1083,14.2125,0.5705
"tp=1.10 sl=1 min_add=-25 max=1.10 cutoff=0m",168,64.29,1.00,-0.36,0.10,14.10,141.00,9045.44,8904.38,8.3754,14.8406,0.5644
"tp=1 sl=1.10 min_add=0 max=1 cutoff=-30m",130,68.46,1.00,-0.21,0.09,-27.23,-272.30,6263.75,6536.06,7.0379,15.9416,0.4415
"tp=1 sl=1.10 min_add=25 max=1 cutoff=-30m",130,68.46,1.00,-0.21,0.09,-27.23,-272.30,6263.75,6536.06,7.0379,15.9416,0.4415
"tp=1 sl=1.10 min_add=-25 max=1.10 cutoff=0m",153,68.63,1.00,-0.29,0.05,-35.59,-355.90,7216.88,7572.81,6.8732,15.7767,0.4357
"tp=1.10 sl=1 min_add=0 max=1 cutoff=30m",173,64.16,1.00,-0.62,-0.13,46.75,467.50,9315.62,8848.12,8.3925,14.2712,0.5881
"tp=1.10 sl=1 min_add=25 max=1 cutoff=30m",173,64.16,1.00,-0.62,-0.13,46.75,467.50,9315.62,8848.12,8.3925,14.2712,0.5881
"tp=1.10 sl=1 min_add=-25 max=0.90 cutoff=0m",145,64.14,1.00,-0.66,-0.25,-2.86,-28.60,7508.19,7536.88,8.0733,14.4940,0.5570
"tp=0.90 sl=1.10 min_add=0 max=0.90 cutoff=0m",132,70.45,0.99,-0.74,-0.46,-15.74,-157.40,5680.12,5837.56,6.1077,14.9681,0.4080
"tp=0.90 sl=1.10 min_add=25 max=0.90 cutoff=0m",132,70.45,0.99,-0.74,-0.46,-15.74,-157.40,5680.12,5837.56,6.1077,14.9681,0.4080
"tp=1 sl=1.10 min_add=0 max=1 cutoff=30m",158,68.35,0.99,-0.85,-0.48,-16.98,-169.80,7466.25,7636.06,6.9132,15.2721,0.4527
"tp=1 sl=1.10 min_add=25 max=1 cutoff=30m",158,68.35,0.99,-0.85,-0.48,-16.98,-169.80,7466.25,7636.06,6.9132,15.2721,0.4527
"tp=1 sl=1.10 min_add=-25 max=0.90 cutoff=-30m",116,68.10,0.98,-0.90,-0.63,-53.84,-538.40,5363.75,5902.19,6.7896,15.9519,0.4256
"tp=1.10 sl=1 min_add=-25 max=0.90 cutoff=30m",155,63.87,0.98,-1.27,-0.84,-1.46,-14.60,8027.25,8041.88,8.1083,14.3605,0.5646
"tp=1.10 sl=1 min_add=0 max=1 cutoff=-30m",143,63.64,0.98,-1.24,-0.85,13.53,135.30,7868.44,7733.12,8.6466,14.8714,0.5814
"tp=1.10 sl=1 min_add=25 max=1 cutoff=-30m",143,63.64,0.98,-1.24,-0.85,13.53,135.30,7868.44,7733.12,8.6466,14.8714,0.5814
"tp=0.90 sl=1.10 min_add=0 max=1 cutoff=0m",148,70.27,0.98,-1.19,-0.88,-15.79,-157.90,6561.00,6718.94,6.3087,15.2703,0.4131
"tp=0.90 sl=1.10 min_add=25 max=1 cutoff=0m",148,70.27,0.98,-1.19,-0.88,-15.79,-157.90,6561.00,6718.94,6.3087,15.2703,0.4131
"tp=1 sl=1.10 min_add=-25 max=1 cutoff=-30m",131,67.94,0.98,-1.21,-0.90,-51.98,-519.80,6263.75,6783.56,7.0379,16.1513,0.4357
"tp=1 sl=1.10 min_add=0 max=1.10 cutoff=-30m",134,67.91,0.98,-1.30,-1.00,-53.91,-539.10,6368.12,6907.31,6.9979,16.0635,0.4356
"tp=1 sl=1.10 min_add=25 max=1.10 cutoff=-30m",134,67.91,0.98,-1.30,-1.00,-53.91,-539.10,6368.12,6907.31,6.9979,16.0635,0.4356
"tp=1.10 sl=1 min_add=-25 max=1 cutoff=30m",174,63.79,0.98,-1.61,-1.13,24.25,242.50,9315.62,9073.12,8.3925,14.4018,0.5827
"tp=0.90 sl=1.10 min_add=0 max=0.90 cutoff=30m",140,70.00,0.97,-1.62,-1.33,-26.80,-268.00,5998.50,6266.56,6.1209,14.9204,0.4102
"tp=0.90 sl=1.10 min_add=25 max=0.90 cutoff=30m",140,70.00,0.97,-1.62,-1.33,-26.80,-268.00,5998.50,6266.56,6.1209,14.9204,0.4102
"tp=0.90 sl=1.10 min_add=-25 max=0.90 cutoff=0m",133,69.92,0.96,-1.73,-1.46,-40.49,-404.90,5680.12,6085.06,6.1077,15.2127,0.4015
"tp=1.10 sl=1 min_add=0 max=1.10 cutoff=30m",179,63.69,0.98,-1.97,-1.48,15.01,150.10,9564.50,9414.38,8.3899,14.4837,0.5793
"tp=1.10 sl=1 min_add=25 max=1.10 cutoff=30m",179,63.69,0.98,-1.97,-1.48,15.01,150.10,9564.50,9414.38,8.3899,14.4837,0.5793
"tp=1 sl=1.10 min_add=-25 max=1 cutoff=30m",159,67.92,0.97,-1.84,-1.48,-41.73,-417.30,7466.25,7883.56,6.9132,15.4580,0.4472
"tp=1 sl=1.10 min_add=0 max=1.10 cutoff=30m",162,67.90,0.97,-1.94,-1.57,-43.66,-436.60,7570.62,8007.31,6.8824,15.3987,0.4469
"tp=1 sl=1.10 min_add=25 max=1.10 cutoff=30m",162,67.90,0.97,-1.94,-1.57,-43.66,-436.60,7570.62,8007.31,6.8824,15.3987,0.4469
"tp=1.10 sl=1 min_add=-25 max=1 cutoff=-30m",144,63.19,0.97,-2.23,-1.85,-8.96,-89.60,7868.44,7958.12,8.6466,15.0153,0.5759
"tp=0.90 sl=1.10 min_add=0 max=0.90 cutoff=-30m",115,69.57,0.95,-2.09,-1.86,-49.60,-496.00,4923.56,5419.56,6.1545,15.4845,0.3975
"tp=0.90 sl=1.10 min_add=25 max=0.90 cutoff=-30m",115,69.57,0.95,-2.09,-1.86,-49.60,-496.00,4923.56,5419.56,6.1545,15.4845,0.3975
"tp=0.90 sl=1.10 min_add=-25 max=1 cutoff=0m",149,69.80,0.96,-2.18,-1.88,-40.54,-405.40,6561.00,6966.44,6.3087,15.4810,0.4075
"tp=1 sl=1.10 min_add=-25 max=1.10 cutoff=-30m",135,67.41,0.95,-2.29,-2.00,-78.66,-786.60,6368.12,7154.81,6.9979,16.2609,0.4304
"tp=0.90 sl=1.10 min_add=0 max=1.10 cutoff=0m",152,69.74,0.96,-2.36,-2.06,-43.52,-435.20,6654.94,7090.19,6.2782,15.4135,0.4073
"tp=0.90 sl=1.10 min_add=25 max=1.10 cutoff=0m",152,69.74,0.96,-2.36,-2.06,-43.52,-435.20,6654.94,7090.19,6.2782,15.4135,0.4073
"tp=1.10 sl=1 min_add=0 max=0.90 cutoff=-30m",127,62.99,0.95,-2.45,-2.12,-26.51,-265.10,6666.69,6931.88,8.3334,14.7487,0.5650
"tp=1.10 sl=1 min_add=25 max=0.90 cutoff=-30m",127,62.99,0.95,-2.45,-2.12,-26.51,-265.10,6666.69,6931.88,8.3334,14.7487,0.5650
"tp=1.10 sl=1 min_add=0 max=1.10 cutoff=-30m",149,63.09,0.96,-2.59,-2.20,-18.20,-182.00,8117.31,8299.38,8.6354,15.0898,0.5723
"tp=1.10 sl=1 min_add=25 max=1.10 cutoff=-30m",149,63.09,0.96,-2.59,-2.20,-18.20,-182.00,8117.31,8299.38,8.6354,15.0898,0.5723
"tp=0.90 sl=1.10 min_add=-25 max=0.90 cutoff=30m",141,69.50,0.95,-2.61,-2.33,-51.55,-515.50,5998.50,6514.06,6.1209,15.1490,0.4040
"tp=1.10 sl=1 min_add=-25 max=1.10 cutoff=30m",180,63.33,0.96,-2.95,-2.48,-7.48,-74.80,9564.50,9639.38,8.3899,14.6051,0.5745
"tp=1 sl=1.10 min_add=-25 max=1.10 cutoff=30m",163,67.48,0.95,-2.92,-2.57,-68.41,-684.10,7570.62,8254.81,6.8824,15.5751,0.4419
"tp=0.90 sl=1.10 min_add=0 max=1 cutoff=-30m",130,69.23,0.94,-2.85,-2.60,-56.73,-567.30,5733.56,6300.94,6.3706,15.7523,0.4044
"tp=0.90 sl=1.10 min_add=25 max=1 cutoff=-30m",130,69.23,0.94,-2.85,-2.60,-56.73,-567.30,5733.56,6300.94,6.3706,15.7523,0.4044
"edgeful_table_exact",161,65.22,0.95,-3.20,-2.83,-11.12,-111.20,8001.88,8113.12,7.6208,14.4877,0.5260
"tp=1 sl=1 min_add=0 max=1 cutoff=0m",161,65.22,0.95,-3.20,-2.83,-11.12,-111.20,8001.88,8113.12,7.6208,14.4877,0.5260
"tp=1 sl=1 min_add=25 max=1 cutoff=0m",161,65.22,0.95,-3.20,-2.83,-11.12,-111.20,8001.88,8113.12,7.6208,14.4877,0.5260
"tp=0.90 sl=1.10 min_add=-25 max=0.90 cutoff=-30m",116,68.97,0.92,-3.07,-2.86,-74.35,-743.50,4923.56,5667.06,6.1545,15.7418,0.3910
"tp=0.90 sl=1.10 min_add=-25 max=1.10 cutoff=0m",153,69.28,0.93,-3.34,-3.06,-68.27,-682.70,6654.94,7337.69,6.2782,15.6121,0.4021
"tp=1.10 sl=1 min_add=-25 max=0.90 cutoff=-30m",128,62.50,0.94,-3.42,-3.12,-49.01,-490.10,6666.69,7156.88,8.3334,14.9102,0.5589
"tp=1.10 sl=1 min_add=-25 max=1.10 cutoff=-30m",150,62.67,0.94,-3.56,-3.20,-40.70,-407.00,8117.31,8524.38,8.6354,15.2221,0.5673
"tp=1 sl=1 min_add=0 max=0.90 cutoff=30m",154,64.94,0.94,-3.57,-3.23,-26.25,-262.50,7439.38,7701.88,7.4394,14.2627,0.5216
"tp=1 sl=1 min_add=25 max=0.90 cutoff=30m",154,64.94,0.94,-3.57,-3.23,-26.25,-262.50,7439.38,7701.88,7.4394,14.2627,0.5216
"tp=0.90 sl=1.10 min_add=-25 max=1 cutoff=-30m",131,68.70,0.91,-3.82,-3.60,-81.48,-814.80,5733.56,6548.44,6.3706,15.9718,0.3989
"tp=0.90 sl=1.10 min_add=0 max=1 cutoff=30m",158,68.99,0.92,-4.02,-3.75,-52.15,-521.50,6879.38,7400.94,6.3114,15.1040,0.4179
"tp=0.90 sl=1.10 min_add=25 max=1 cutoff=30m",158,68.99,0.92,-4.02,-3.75,-52.15,-521.50,6879.38,7400.94,6.3114,15.1040,0.4179
"tp=0.90 sl=1.10 min_add=0 max=1.10 cutoff=-30m",134,68.66,0.91,-4.00,-3.79,-84.46,-844.60,5827.50,6672.19,6.3342,15.8862,0.3987
"tp=0.90 sl=1.10 min_add=25 max=1.10 cutoff=-30m",134,68.66,0.91,-4.00,-3.79,-84.46,-844.60,5827.50,6672.19,6.3342,15.8862,0.3987
"tp=1 sl=1 min_add=-25 max=1 cutoff=0m",162,64.81,0.93,-4.16,-3.83,-33.62,-336.20,8001.88,8338.12,7.6208,14.6283,0.5210
"tp=1 sl=1 min_add=0 max=0.90 cutoff=0m",144,64.58,0.92,-4.22,-3.93,-48.12,-481.20,6830.62,7311.88,7.3448,14.3370,0.5123
"tp=1 sl=1 min_add=25 max=0.90 cutoff=0m",144,64.58,0.92,-4.22,-3.93,-48.12,-481.20,6830.62,7311.88,7.3448,14.3370,0.5123
"tp=1 sl=1 min_add=0 max=1 cutoff=30m",173,64.74,0.93,-4.48,-4.13,-12.25,-122.50,8610.62,8733.12,7.6881,14.3166,0.5370
"tp=1 sl=1 min_add=25 max=1 cutoff=30m",173,64.74,0.93,-4.48,-4.13,-12.25,-122.50,8610.62,8733.12,7.6881,14.3166,0.5370
"tp=1 sl=1 min_add=-25 max=0.90 cutoff=30m",155,64.52,0.92,-4.53,-4.23,-48.75,-487.50,7439.38,7926.88,7.4394,14.4125,0.5162
"tp=1 sl=1 min_add=0 max=1.10 cutoff=0m",167,64.67,0.93,-4.66,-4.33,-45.12,-451.20,8228.12,8679.38,7.6186,14.7108,0.5179
"tp=1 sl=1 min_add=25 max=1.10 cutoff=0m",167,64.67,0.93,-4.66,-4.33,-45.12,-451.20,8228.12,8679.38,7.6186,14.7108,0.5179
"tp=1.10 sl=0.90 min_add=0 max=1 cutoff=0m",181,60.22,0.94,-5.05,-4.60,-47.40,-474.00,9843.38,10317.38,9.0306,14.3297,0.6302
"tp=1.10 sl=0.90 min_add=25 max=1 cutoff=0m",181,60.22,0.94,-5.05,-4.60,-47.40,-474.00,9843.38,10317.38,9.0306,14.3297,0.6302
"tp=0.90 sl=1.10 min_add=-25 max=1 cutoff=30m",159,68.55,0.90,-4.98,-4.75,-76.90,-769.00,6879.38,7648.44,6.3114,15.2969,0.4126
"tp=0.90 sl=1.10 min_add=-25 max=1.10 cutoff=-30m",135,68.15,0.89,-4.96,-4.79,-109.21,-1092.10,5827.50,6919.69,6.3342,16.0923,0.3936
"tp=0.90 sl=1.10 min_add=0 max=1.10 cutoff=30m",162,68.52,0.90,-5.16,-4.93,-79.88,-798.80,6973.31,7772.19,6.2823,15.2396,0.4122
"tp=0.90 sl=1.10 min_add=25 max=1.10 cutoff=30m",162,68.52,0.90,-5.16,-4.93,-79.88,-798.80,6973.31,7772.19,6.2823,15.2396,0.4122
"tp=1 sl=1 min_add=-25 max=0.90 cutoff=0m",145,64.14,0.91,-5.17,-4.93,-70.62,-706.20,6830.62,7536.88,7.3448,14.4940,0.5067
"tp=1 sl=1 min_add=-25 max=1 cutoff=30m",174,64.37,0.92,-5.44,-5.13,-34.75,-347.50,8610.62,8958.12,7.6881,14.4486,0.5321
"tp=1 sl=1 min_add=-25 max=1.10 cutoff=0m",168,64.29,0.91,-5.61,-5.33,-67.62,-676.20,8228.12,8904.38,7.6186,14.8406,0.5134
"tp=1 sl=1 min_add=0 max=1 cutoff=-30m",143,63.64,0.89,-5.71,-5.50,-58.00,-580.00,7153.12,7733.12,7.8606,14.8714,0.5286
"tp=1 sl=1 min_add=25 max=1 cutoff=-30m",143,63.64,0.89,-5.71,-5.50,-58.00,-580.00,7153.12,7733.12,7.8606,14.8714,0.5286
"tp=1.10 sl=0.90 min_add=-25 max=1 cutoff=0m",182,59.89,0.92,-5.99,-5.60,-67.65,-676.50,9843.38,10519.88,9.0306,14.4108,0.6267
"tp=1 sl=1 min_add=0 max=1.10 cutoff=30m",179,64.25,0.91,-5.92,-5.63,-46.25,-462.50,8836.88,9299.38,7.6842,14.5303,0.5288
"tp=1 sl=1 min_add=25 max=1.10 cutoff=30m",179,64.25,0.91,-5.92,-5.63,-46.25,-462.50,8836.88,9299.38,7.6842,14.5303,0.5288
"tp=1.10 sl=0.90 min_add=0 max=1.10 cutoff=0m",187,59.89,0.92,-6.17,-5.77,-73.47,-734.70,10092.25,10827.00,9.0109,14.4360,0.6242
"tp=1.10 sl=0.90 min_add=25 max=1.10 cutoff=0m",187,59.89,0.92,-6.17,-5.77,-73.47,-734.70,10092.25,10827.00,9.0109,14.4360,0.6242
"tp=0.90 sl=1 min_add=0 max=1 cutoff=0m",162,66.05,0.89,-6.05,-5.86,-44.00,-440.00,7459.31,7899.38,6.9713,14.3625,0.4854
"tp=0.90 sl=1 min_add=25 max=1 cutoff=0m",162,66.05,0.89,-6.05,-5.86,-44.00,-440.00,7459.31,7899.38,6.9713,14.3625,0.4854
"tp=0.90 sl=1.10 min_add=-25 max=1.10 cutoff=30m",163,68.10,0.89,-6.10,-5.93,-104.63,-1046.30,6973.31,8019.69,6.2823,15.4225,0.4073
"tp=0.90 sl=1 min_add=0 max=0.90 cutoff=30m",155,65.81,0.89,-6.19,-6.02,-53.50,-535.00,6953.06,7488.12,6.8167,14.1285,0.4825
"tp=0.90 sl=1 min_add=25 max=0.90 cutoff=30m",155,65.81,0.89,-6.19,-6.02,-53.50,-535.00,6953.06,7488.12,6.8167,14.1285,0.4825
"tp=1 sl=1 min_add=0 max=0.90 cutoff=-30m",127,62.99,0.87,-6.33,-6.20,-87.12,-871.20,6060.62,6931.88,7.5758,14.7487,0.5137
"tp=1 sl=1 min_add=25 max=0.90 cutoff=-30m",127,62.99,0.87,-6.33,-6.20,-87.12,-871.20,6060.62,6931.88,7.5758,14.7487,0.5137
"tp=0.90 sl=1 min_add=0 max=0.90 cutoff=0m",145,65.52,0.87,-6.48,-6.35,-69.29,-692.90,6405.19,7098.12,6.7423,14.1962,0.4749
"tp=0.90 sl=1 min_add=25 max=0.90 cutoff=0m",145,65.52,0.87,-6.48,-6.35,-69.29,-692.90,6405.19,7098.12,6.7423,14.1962,0.4749
"tp=1 sl=1 min_add=-25 max=1 cutoff=-30m",144,63.19,0.88,-6.65,-6.50,-80.50,-805.00,7153.12,7958.12,7.8606,15.0153,0.5235
"tp=1 sl=1 min_add=-25 max=1.10 cutoff=30m",180,63.89,0.90,-6.86,-6.63,-68.75,-687.50,8836.88,9524.38,7.6842,14.6529,0.5244
"tp=1.10 sl=0.90 min_add=-25 max=1.10 cutoff=0m",188,59.57,0.91,-7.10,-6.77,-93.72,-937.20,10092.25,11029.50,9.0109,14.5125,0.6209
"tp=0.90 sl=1 min_add=-25 max=1 cutoff=0m",163,65.64,0.88,-6.99,-6.86,-66.50,-665.00,7459.31,8124.38,6.9713,14.5078,0.4805
"tp=1 sl=1 min_add=0 max=1.10 cutoff=-30m",149,63.09,0.87,-7.13,-7.00,-92.00,-920.00,7379.38,8299.38,7.8504,15.0898,0.5202
"tp=1 sl=1 min_add=25 max=1.10 cutoff=-30m",149,63.09,0.87,-7.13,-7.00,-92.00,-920.00,7379.38,8299.38,7.8504,15.0898,0.5202
"tp=0.90 sl=1 min_add=-25 max=0.90 cutoff=30m",156,65.38,0.87,-7.13,-7.02,-76.00,-760.00,6953.06,7713.12,6.8167,14.2836,0.4772
"tp=1 sl=1 min_add=-25 max=0.90 cutoff=-30m",128,62.50,0.85,-7.26,-7.20,-109.62,-1096.20,6060.62,7156.88,7.5758,14.9102,0.5081
"tp=0.90 sl=1 min_add=-25 max=0.90 cutoff=0m",146,65.07,0.86,-7.41,-7.35,-91.79,-917.90,6405.19,7323.12,6.7423,14.3591,0.4696
"tp=0.90 sl=1 min_add=0 max=1.10 cutoff=0m",168,65.48,0.87,-7.61,-7.51,-80.26,-802.60,7662.94,8465.62,6.9663,14.5959,0.4773
"tp=0.90 sl=1 min_add=25 max=1.10 cutoff=0m",168,65.48,0.87,-7.61,-7.51,-80.26,-802.60,7662.94,8465.62,6.9663,14.5959,0.4773
"tp=0.90 sl=1 min_add=0 max=1 cutoff=30m",174,65.52,0.87,-7.64,-7.53,-51.21,-512.10,8007.19,8519.38,7.0238,14.1990,0.4947
"tp=0.90 sl=1 min_add=25 max=1 cutoff=30m",174,65.52,0.87,-7.64,-7.53,-51.21,-512.10,8007.19,8519.38,7.0238,14.1990,0.4947
"tp=1.10 sl=0.90 min_add=0 max=0.90 cutoff=0m",162,58.64,0.88,-8.09,-7.91,-125.27,-1252.70,8343.50,9596.25,8.7826,14.3228,0.6132
"tp=1.10 sl=0.90 min_add=25 max=0.90 cutoff=0m",162,58.64,0.88,-8.09,-7.91,-125.27,-1252.70,8343.50,9596.25,8.7826,14.3228,0.6132
"tp=1 sl=1 min_add=-25 max=1.10 cutoff=-30m",150,62.67,0.86,-8.06,-8.00,-114.50,-1145.00,7379.38,8524.38,7.8504,15.2221,0.5157
"tp=0.90 sl=1 min_add=0 max=1 cutoff=-30m",144,64.58,0.84,-8.16,-8.16,-88.75,-887.50,6631.88,7519.38,7.1310,14.7439,0.4837
"tp=0.90 sl=1 min_add=25 max=1 cutoff=-30m",144,64.58,0.84,-8.16,-8.16,-88.75,-887.50,6631.88,7519.38,7.1310,14.7439,0.4837
"tp=0.90 sl=1 min_add=0 max=0.90 cutoff=-30m",128,64.06,0.82,-8.24,-8.29,-106.95,-1069.50,5648.62,6718.12,6.8886,14.6046,0.4717
"tp=0.90 sl=1 min_add=25 max=0.90 cutoff=-30m",128,64.06,0.82,-8.24,-8.29,-106.95,-1069.50,5648.62,6718.12,6.8886,14.6046,0.4717
"tp=0.90 sl=1 min_add=-25 max=1.10 cutoff=0m",169,65.09,0.86,-8.53,-8.51,-102.76,-1027.60,7662.94,8690.62,6.9663,14.7299,0.4729
"tp=0.90 sl=1 min_add=-25 max=1 cutoff=30m",175,65.14,0.86,-8.56,-8.53,-73.71,-737.10,8007.19,8744.38,7.0238,14.3350,0.4900
"tp=1.10 sl=0.90 min_add=-25 max=0.90 cutoff=0m",163,58.28,0.87,-9.01,-8.91,-145.52,-1455.20,8343.50,9798.75,8.7826,14.4099,0.6095
"tp=0.90 sl=1 min_add=-25 max=1 cutoff=-30m",145,64.14,0.82,-9.08,-9.16,-111.25,-1112.50,6631.88,7744.38,7.1310,14.8930,0.4788
"tp=0.90 sl=1 min_add=0 max=1.10 cutoff=30m",180,65.00,0.85,-9.17,-9.18,-87.48,-874.80,8210.81,9085.62,7.0178,14.4216,0.4866
"tp=0.90 sl=1 min_add=25 max=1.10 cutoff=30m",180,65.00,0.85,-9.17,-9.18,-87.48,-874.80,8210.81,9085.62,7.0178,14.4216,0.4866
"tp=0.90 sl=1 min_add=-25 max=0.90 cutoff=-30m",129,63.57,0.80,-9.16,-9.29,-129.45,-1294.50,5648.62,6943.12,6.8886,14.7726,0.4663
"tp=1.10 sl=0.90 min_add=0 max=1 cutoff=-30m",161,57.76,0.86,-9.61,-9.57,-126.54,-1265.40,8709.94,9975.38,9.3655,14.6697,0.6384
"tp=1.10 sl=0.90 min_add=25 max=1 cutoff=-30m",161,57.76,0.86,-9.61,-9.57,-126.54,-1265.40,8709.94,9975.38,9.3655,14.6697,0.6384
"tp=0.90 sl=1 min_add=0 max=1.10 cutoff=-30m",150,64.00,0.82,-9.68,-9.81,-125.01,-1250.10,6835.50,8085.62,7.1203,14.9734,0.4755
"tp=0.90 sl=1 min_add=25 max=1.10 cutoff=-30m",150,64.00,0.82,-9.68,-9.81,-125.01,-1250.10,6835.50,8085.62,7.1203,14.9734,0.4755
"tp=0.90 sl=1 min_add=-25 max=1.10 cutoff=30m",181,64.64,0.84,-10.08,-10.18,-109.98,-1099.80,8210.81,9310.62,7.0178,14.5479,0.4824
"tp=1.10 sl=0.90 min_add=-25 max=1 cutoff=-30m",162,57.41,0.85,-10.51,-10.57,-146.79,-1467.90,8709.94,10177.88,9.3655,14.7505,0.6349
"tp=1 sl=0.90 min_add=0 max=1 cutoff=0m",181,60.22,0.85,-10.63,-10.69,-136.11,-1361.10,8956.25,10317.38,8.2167,14.3297,0.5734
"tp=1 sl=0.90 min_add=25 max=1 cutoff=0m",181,60.22,0.85,-10.63,-10.69,-136.11,-1361.10,8956.25,10317.38,8.2167,14.3297,0.5734
"tp=1.10 sl=0.90 min_add=0 max=1.10 cutoff=-30m",167,57.49,0.85,-10.67,-10.74,-152.61,-1526.10,8958.81,10485.00,9.3321,14.7676,0.6319
"tp=1.10 sl=0.90 min_add=25 max=1.10 cutoff=-30m",167,57.49,0.85,-10.67,-10.74,-152.61,-1526.10,8958.81,10485.00,9.3321,14.7676,0.6319
"tp=0.90 sl=1 min_add=-25 max=1.10 cutoff=-30m",151,63.58,0.80,-10.58,-10.81,-147.51,-1475.10,6835.50,8310.62,7.1203,15.1102,0.4712
"tp=1.10 sl=0.90 min_add=0 max=1 cutoff=30m",196,58.16,0.86,-11.47,-11.55,-139.55,-1395.50,10329.44,11725.00,9.0609,14.2988,0.6337
"tp=1.10 sl=0.90 min_add=25 max=1 cutoff=30m",196,58.16,0.86,-11.47,-11.55,-139.55,-1395.50,10329.44,11725.00,9.0609,14.2988,0.6337
"tp=1 sl=0.90 min_add=-25 max=1 cutoff=0m",182,59.89,0.84,-11.52,-11.69,-156.36,-1563.60,8956.25,10519.88,8.2167,14.4108,0.5702
"tp=1.10 sl=0.90 min_add=-25 max=1.10 cutoff=-30m",168,57.14,0.84,-11.57,-11.74,-172.86,-1728.60,8958.81,10687.50,9.3321,14.8438,0.6287
"tp=1 sl=0.90 min_add=0 max=1.10 cutoff=0m",187,59.89,0.84,-11.83,-12.02,-164.45,-1644.50,9182.50,10827.00,8.1987,14.4360,0.5679
"tp=1 sl=0.90 min_add=25 max=1.10 cutoff=0m",187,59.89,0.84,-11.83,-12.02,-164.45,-1644.50,9182.50,10827.00,8.1987,14.4360,0.5679
"tp=1.10 sl=0.90 min_add=0 max=0.90 cutoff=-30m",144,56.25,0.81,-11.97,-12.27,-192.75,-1927.50,7326.69,9254.25,9.0453,14.6893,0.6158
"tp=1.10 sl=0.90 min_add=25 max=0.90 cutoff=-30m",144,56.25,0.81,-11.97,-12.27,-192.75,-1927.50,7326.69,9254.25,9.0453,14.6893,0.6158
"tp=1.10 sl=0.90 min_add=-25 max=1 cutoff=30m",197,57.87,0.85,-12.35,-12.55,-159.80,-1598.00,10329.44,11927.50,9.0609,14.3705,0.6305
"tp=1.10 sl=0.90 min_add=0 max=1.10 cutoff=30m",202,57.92,0.85,-12.51,-12.71,-165.63,-1656.30,10578.31,12234.62,9.0413,14.3937,0.6281
"tp=1.10 sl=0.90 min_add=25 max=1.10 cutoff=30m",202,57.92,0.85,-12.51,-12.71,-165.63,-1656.30,10578.31,12234.62,9.0413,14.3937,0.6281
"tp=1.10 sl=0.90 min_add=0 max=0.90 cutoff=30m",175,57.14,0.83,-12.57,-12.86,-196.73,-1967.30,8829.56,10796.88,8.8296,14.3958,0.6133
"tp=1.10 sl=0.90 min_add=25 max=0.90 cutoff=30m",175,57.14,0.83,-12.57,-12.86,-196.73,-1967.30,8829.56,10796.88,8.8296,14.3958,0.6133
"tp=1 sl=0.90 min_add=-25 max=1.10 cutoff=0m",188,59.57,0.83,-12.71,-13.02,-184.70,-1847.00,9182.50,11029.50,8.1987,14.5125,0.5649
"tp=1 sl=0.90 min_add=0 max=0.90 cutoff=0m",162,58.64,0.80,-12.85,-13.26,-200.62,-2006.20,7590.00,9596.25,7.9895,14.3228,0.5578
"tp=1 sl=0.90 min_add=25 max=0.90 cutoff=0m",162,58.64,0.80,-12.85,-13.26,-200.62,-2006.20,7590.00,9596.25,7.9895,14.3228,0.5578
"tp=1.10 sl=0.90 min_add=-25 max=0.90 cutoff=-30m",145,55.86,0.79,-12.85,-13.27,-213.00,-2130.00,7326.69,9456.75,9.0453,14.7762,0.6122
"tp=1.10 sl=0.90 min_add=-25 max=1.10 cutoff=30m",203,57.64,0.84,-13.39,-13.71,-185.88,-1858.80,10578.31,12437.12,9.0413,14.4618,0.6252
"tp=1.10 sl=0.90 min_add=-25 max=0.90 cutoff=30m",176,56.82,0.82,-13.44,-13.86,-216.98,-2169.80,8829.56,10999.38,8.8296,14.4729,0.6101
"tp=1 sl=0.90 min_add=-25 max=0.90 cutoff=0m",163,58.28,0.79,-13.72,-14.26,-220.87,-2208.70,7590.00,9798.75,7.9895,14.4099,0.5544
"tp=0.90 sl=0.90 min_add=0 max=1 cutoff=0m",182,60.99,0.80,-13.82,-14.37,-180.37,-1803.70,8321.25,10125.00,7.4966,14.2606,0.5257
"tp=0.90 sl=0.90 min_add=25 max=1 cutoff=0m",182,60.99,0.80,-13.82,-14.37,-180.37,-1803.70,8321.25,10125.00,7.4966,14.2606,0.5257
"tp=1 sl=0.90 min_add=0 max=1 cutoff=-30m",161,57.76,0.78,-14.26,-14.88,-205.72,-2057.20,7918.12,9975.38,8.5141,14.6697,0.5804
"tp=1 sl=0.90 min_add=25 max=1 cutoff=-30m",161,57.76,0.78,-14.26,-14.88,-205.72,-2057.20,7918.12,9975.38,8.5141,14.6697,0.5804
"tp=0.90 sl=0.90 min_add=-25 max=1 cutoff=0m",183,60.66,0.79,-14.68,-15.37,-200.62,-2006.20,8321.25,10327.50,7.4966,14.3438,0.5226
"tp=0.90 sl=0.90 min_add=0 max=1.10 cutoff=0m",188,60.64,0.79,-15.12,-15.87,-210.97,-2109.70,8524.88,10634.62,7.4780,14.3711,0.5203
"tp=0.90 sl=0.90 min_add=25 max=1.10 cutoff=0m",188,60.64,0.79,-15.12,-15.87,-210.97,-2109.70,8524.88,10634.62,7.4780,14.3711,0.5203
"tp=1 sl=0.90 min_add=-25 max=1 cutoff=-30m",162,57.41,0.77,-15.12,-15.88,-225.97,-2259.70,7918.12,10177.88,8.5141,14.7505,0.5772
"tp=0.90 sl=0.90 min_add=0 max=0.90 cutoff=0m",163,59.51,0.75,-15.34,-16.20,-231.52,-2315.20,7088.62,9403.88,7.3079,14.2483,0.5129
"tp=0.90 sl=0.90 min_add=25 max=0.90 cutoff=0m",163,59.51,0.75,-15.34,-16.20,-231.52,-2315.20,7088.62,9403.88,7.3079,14.2483,0.5129
"tp=1 sl=0.90 min_add=0 max=1.10 cutoff=-30m",167,57.49,0.77,-15.41,-16.22,-234.06,-2340.60,8144.38,10485.00,8.4837,14.7676,0.5745
"tp=1 sl=0.90 min_add=25 max=1.10 cutoff=-30m",167,57.49,0.77,-15.41,-16.22,-234.06,-2340.60,8144.38,10485.00,8.4837,14.7676,0.5745
"tp=1 sl=0.90 min_add=0 max=1 cutoff=30m",196,58.67,0.80,-15.50,-16.25,-207.50,-2075.00,9535.00,11610.00,8.2913,14.3333,0.5785
"tp=1 sl=0.90 min_add=25 max=1 cutoff=30m",196,58.67,0.80,-15.50,-16.25,-207.50,-2075.00,9535.00,11610.00,8.2913,14.3333,0.5785
"tp=1 sl=0.90 min_add=0 max=0.90 cutoff=30m",175,57.71,0.77,-15.93,-16.81,-251.31,-2513.10,8168.75,10681.88,8.0879,14.4350,0.5603
"tp=1 sl=0.90 min_add=25 max=0.90 cutoff=30m",175,57.71,0.77,-15.93,-16.81,-251.31,-2513.10,8168.75,10681.88,8.0879,14.4350,0.5603
"tp=0.90 sl=0.90 min_add=-25 max=1.10 cutoff=0m",189,60.32,0.78,-15.97,-16.87,-231.22,-2312.20,8524.88,10837.12,7.4780,14.4495,0.5175
"tp=1 sl=0.90 min_add=0 max=0.90 cutoff=-30m",144,56.25,0.73,-15.92,-16.88,-259.36,-2593.60,6660.62,9254.25,8.2230,14.6893,0.5598
"tp=1 sl=0.90 min_add=25 max=0.90 cutoff=-30m",144,56.25,0.73,-15.92,-16.88,-259.36,-2593.60,6660.62,9254.25,8.2230,14.6893,0.5598
"tp=0.90 sl=0.90 min_add=-25 max=0.90 cutoff=0m",164,59.15,0.74,-16.19,-17.20,-251.77,-2517.70,7088.62,9606.38,7.3079,14.3379,0.5097
"tp=1 sl=0.90 min_add=-25 max=1.10 cutoff=-30m",168,57.14,0.76,-16.26,-17.22,-254.31,-2543.10,8144.38,10687.50,8.4837,14.8438,0.5715
"tp=1 sl=0.90 min_add=-25 max=1 cutoff=30m",197,58.38,0.79,-16.35,-17.25,-227.75,-2277.50,9535.00,11812.50,8.2913,14.4055,0.5756
"tp=1 sl=0.90 min_add=0 max=1.10 cutoff=30m",202,58.42,0.79,-16.64,-17.58,-235.83,-2358.30,9761.25,12119.62,8.2722,14.4281,0.5733
"tp=1 sl=0.90 min_add=25 max=1.10 cutoff=30m",202,58.42,0.79,-16.64,-17.58,-235.83,-2358.30,9761.25,12119.62,8.2722,14.4281,0.5733
"tp=1 sl=0.90 min_add=-25 max=0.90 cutoff=30m",176,57.39,0.76,-16.77,-17.81,-271.56,-2715.60,8168.75,10884.38,8.0879,14.5125,0.5573
"tp=1 sl=0.90 min_add=-25 max=0.90 cutoff=-30m",145,55.86,0.72,-16.76,-17.88,-279.61,-2796.10,6660.62,9456.75,8.2230,14.7762,0.5565
"tp=0.90 sl=0.90 min_add=0 max=1 cutoff=-30m",162,58.64,0.73,-16.94,-18.10,-246.26,-2462.60,7320.38,9783.00,7.7057,14.6015,0.5277
"tp=0.90 sl=0.90 min_add=25 max=1 cutoff=-30m",162,58.64,0.73,-16.94,-18.10,-246.26,-2462.60,7320.38,9783.00,7.7057,14.6015,0.5277
"tp=1 sl=0.90 min_add=-25 max=1.10 cutoff=30m",203,58.13,0.78,-17.47,-18.58,-256.08,-2560.80,9761.25,12322.12,8.2722,14.4966,0.5706
"tp=0.90 sl=0.90 min_add=-25 max=1 cutoff=-30m",163,58.28,0.72,-17.77,-19.10,-266.51,-2665.10,7320.38,9985.50,7.7057,14.6846,0.5247
"tp=0.90 sl=0.90 min_add=0 max=0.90 cutoff=-30m",145,57.24,0.69,-17.98,-19.40,-287.32,-2873.20,6188.62,9061.88,7.4562,14.6159,0.5101
"tp=0.90 sl=0.90 min_add=25 max=0.90 cutoff=-30m",145,57.24,0.69,-17.98,-19.40,-287.32,-2873.20,6188.62,9061.88,7.4562,14.6159,0.5101
"tp=0.90 sl=0.90 min_add=0 max=1.10 cutoff=-30m",168,58.33,0.72,-18.19,-19.60,-276.86,-2768.60,7524.00,10292.62,7.6776,14.7038,0.5221
"tp=0.90 sl=0.90 min_add=25 max=1.10 cutoff=-30m",168,58.33,0.72,-18.19,-19.60,-276.86,-2768.60,7524.00,10292.62,7.6776,14.7038,0.5221
"tp=0.90 sl=0.90 min_add=0 max=0.90 cutoff=30m",176,58.52,0.72,-18.61,-20.10,-288.00,-2880.00,7609.50,10489.50,7.3879,14.3692,0.5141
"tp=0.90 sl=0.90 min_add=25 max=0.90 cutoff=30m",176,58.52,0.72,-18.61,-20.10,-288.00,-2880.00,7609.50,10489.50,7.3879,14.3692,0.5141
"tp=0.90 sl=0.90 min_add=0 max=1 cutoff=30m",197,59.39,0.75,-18.80,-20.27,-257.55,-2575.50,8842.12,11417.62,7.5574,14.2720,0.5295
"tp=0.90 sl=0.90 min_add=25 max=1 cutoff=30m",197,59.39,0.75,-18.80,-20.27,-257.55,-2575.50,8842.12,11417.62,7.5574,14.2720,0.5295
"tp=0.90 sl=0.90 min_add=-25 max=0.90 cutoff=-30m",146,56.85,0.68,-18.80,-20.40,-307.57,-3075.70,6188.62,9264.38,7.4562,14.7054,0.5070
"tp=0.90 sl=0.90 min_add=-25 max=1.10 cutoff=-30m",169,57.99,0.71,-19.01,-20.60,-297.11,-2971.10,7524.00,10495.12,7.6776,14.7819,0.5194
"tp=0.90 sl=0.90 min_add=-25 max=0.90 cutoff=30m",177,58.19,0.71,-19.43,-21.10,-308.25,-3082.50,7609.50,10692.00,7.3879,14.4486,0.5113
"tp=0.90 sl=0.90 min_add=-25 max=1 cutoff=30m",198,59.09,0.74,-19.61,-21.27,-277.80,-2778.00,8842.12,11620.12,7.5574,14.3458,0.5268
"tp=0.90 sl=0.90 min_add=0 max=1.10 cutoff=30m",203,59.11,0.74,-20.03,-21.77,-288.15,-2881.50,9045.75,11927.25,7.5381,14.3702,0.5246
"tp=0.90 sl=0.90 min_add=25 max=1.10 cutoff=30m",203,59.11,0.74,-20.03,-21.77,-288.15,-2881.50,9045.75,11927.25,7.5381,14.3702,0.5246
"tp=0.90 sl=0.90 min_add=-25 max=1.10 cutoff=30m",204,58.82,0.73,-20.83,-22.77,-308.40,-3084.00,9045.75,12129.75,7.5381,14.4402,0.5220
